{"cameraMode":{"drawMode":0,"name":"Shaded","section":"Shading Mode"},"sceneLighting":true,"audioPlay":false,"sceneViewState":{"m_AlwaysRefresh":false,"showFog":true,"showSkybox":true,"showFlares":true,"showImageEffects":true,"showParticleSystems":true,"showVisualEffectGraphs":true,"m_FxEnabled":true},"in2DMode":false,"pivot":{"x":-3.679670572280884,"y":11.039434432983399,"z":-13.56576919555664},"rotation":{"x":0.1893492490053177,"y":-0.0026548891328275205,"z":0.0005119132692925632,"w":0.9819064736366272},"size":2.5196173191070558,"orthographic":false}