{"cameraMode":{"drawMode":0,"name":"Shaded","section":"Shading Mode"},"sceneLighting":false,"audioPlay":false,"sceneViewState":{"showFog":true,"showMaterialUpdate":false,"showSkybox":true,"showFlares":true,"showImageEffects":true,"showParticleSystems":true},"in2DMode":false,"pivot":{"x":0.8732221722602844,"y":2.1270415782928469,"z":-2.936183452606201},"rotation":{"x":0.2069627344608307,"y":0.01673164963722229,"z":-0.003540262347087264,"w":0.9782012104988098},"size":6.810291290283203,"orthographic":false}