{"cameraMode":{"drawMode":0,"name":"Shaded","section":"Shading Mode"},"sceneLighting":false,"audioPlay":false,"sceneViewState":{"showFog":true,"showMaterialUpdate":false,"showSkybox":true,"showFlares":true,"showImageEffects":true,"showParticleSystems":true},"in2DMode":false,"pivot":{"x":0.5175814628601074,"y":1.6675957441329957,"z":-1.0507469177246094},"rotation":{"x":0.10028398036956787,"y":0.03044295124709606,"z":-0.0030698098707944156,"w":0.9944881200790405},"size":4.78682804107666,"orthographic":false}