{"cameraMode":{"drawMode":0,"name":"Shaded","section":"Shading Mode"},"sceneLighting":false,"audioPlay":false,"sceneViewState":{"showFog":true,"showMaterialUpdate":false,"showSkybox":false,"showFlares":true,"showImageEffects":true,"showParticleSystems":true},"in2DMode":false,"pivot":{"x":0.0,"y":0.05000000074505806,"z":4.460000038146973},"rotation":{"x":0.10584477335214615,"y":-0.29312965273857119,"z":0.032671425491571429,"w":0.9496351480484009},"size":0.28578874468803408,"orthographic":false}