{"cameraMode":{"drawMode":0,"name":"Shaded","section":"Shading Mode"},"sceneLighting":true,"audioPlay":false,"sceneViewState":{"showFog":true,"showMaterialUpdate":false,"showSkybox":true,"showFlares":true,"showImageEffects":true,"showParticleSystems":true},"in2DMode":false,"pivot":{"x":23.12905502319336,"y":3.2110583782196047,"z":7.800754547119141},"rotation":{"x":0.018598943948745729,"y":0.5625194311141968,"z":-0.012658805586397648,"w":0.8264782428741455},"size":10.550363540649414,"orthographic":false}